,seed,fold,macro_f1,f1_INTJ,f1_DM,f1_DIR
mean,3.0,1.5,0.5440386591769543,0.25185455842806115,0.719495696808395,0.6607657222944068
std,1.4907119849998598,0.5270462766947299,0.05465203639083251,0.08326819483864958,0.11280442338880455,0.08476922610733671
